Model Name,Accuracy,Sex Accuracy,AUC,Sex AUC,Average Precision,Equalized Odds Difference,Equalized Odds Ratio,TestDataset,TrainDataset,Seed,Lambda
Pred_Balanced_Balanced_Sex_0_0,0.783493369913123,0.9261545496113397,0.7801819965126418,0.9271280250760092,0.7134100277769662,0.025365550266155418,0.8463065852152841,Balanced,Balanced,0,0.0
Pred_Balanced_Balanced_Sex_0_neg005,0.7878372199359853,0.3513946044810242,0.7867002548454161,0.3550329295192196,0.7114833092892674,0.03977010497951275,0.8108822434096588,Balanced,Balanced,0,-0.05
Pred_Balanced_Balanced_Sex_0_neg01,0.7764060356652949,0.5006858710562414,0.7734028150358796,0.501459315806483,0.7038813299119204,0.024077542048450085,0.8643230505569838,Balanced,Balanced,0,-0.1
Pred_Balanced_Balanced_Sex_0_pos005,0.7844078646547782,0.9359853680841335,0.7818162765743413,0.936868197206874,0.7120206816503113,0.006878519112775039,0.9606413205249628,Balanced,Balanced,0,0.05
Pred_Balanced_Balanced_Sex_0_pos01,0.7782350251486054,0.9375857338820301,0.7743392042787204,0.9385948398392274,0.709141306011321,0.009454771066803813,0.93732042945713,Balanced,Balanced,0,0.1
Pred_Balanced_Balanced_Sex_1_0,0.7814357567443987,0.9263831732967536,0.7786240024143251,0.9276730329357945,0.7092172861704831,0.030975620626643385,0.9580079452592785,Balanced,Balanced,1,0.0
Pred_Balanced_Balanced_Sex_1_neg005,0.7720621856424326,0.6559213534522177,0.7684318623834753,0.6525777271572052,0.7007892793077979,0.030500215417985088,0.9187429074318535,Balanced,Balanced,1,-0.05
Pred_Balanced_Balanced_Sex_1_neg01,0.7841792409693644,0.3388203017832647,0.7815758919589565,0.3384012475251874,0.7117877770277079,0.0031470283430238,0.9811345694543201,Balanced,Balanced,1,-0.1
Pred_Balanced_Balanced_Sex_1_pos005,0.7825788751714677,0.9398719707361682,0.7779422490107973,0.9407215314187461,0.717381597308653,0.011417196810544941,0.9142187946301057,Balanced,Balanced,1,0.05
Pred_Balanced_Balanced_Sex_1_pos01,0.7828074988568816,0.942615454961134,0.7798869123465897,0.9435567018395976,0.7112197978385307,0.01780553508986024,0.894938020700144,Balanced,Balanced,1,0.1
Pred_Balanced_Balanced_Sex_2_0,0.7748056698673983,0.9481024234110654,0.7709801069680101,0.9489459102447044,0.704740883651457,0.010834039012939889,0.9549541555752735,Balanced,Balanced,2,0.0
Pred_Balanced_Balanced_Sex_2_neg005,0.789437585733882,0.4803383630544124,0.7904908708336127,0.4822817536890788,0.7074632809018154,0.028990069258954282,0.8820512344590561,Balanced,Balanced,2,-0.05
Pred_Balanced_Balanced_Sex_2_neg01,0.7638317329675355,0.8513946044810242,0.7588137532693985,0.8527186071393833,0.6957186088676648,0.005552584273001426,0.9657240788346185,Balanced,Balanced,2,-0.1
Pred_Balanced_Balanced_Sex_2_pos005,0.7844078646547782,0.9364426154549611,0.7815920293742875,0.9373859076090879,0.7127776877352187,0.044855988667960756,0.7557840616966581,Balanced,Balanced,2,0.05
Pred_Balanced_Balanced_Sex_2_pos01,0.7869227251943302,0.9352994970278921,0.7850211253437059,0.9364982695922012,0.712753576466369,0.00955437500807857,0.9471566083676413,Balanced,Balanced,2,0.1
Pred_Balanced_Balanced_Sex_3_0,0.7837219935985368,0.9430727023319616,0.7805569294480585,0.9440242100209908,0.7131662497565174,0.011242590364130667,0.9844095242509928,Balanced,Balanced,3,0.0
Pred_Balanced_Balanced_Sex_3_neg005,0.7768632830361225,0.48856881572930955,0.7749151213868957,0.48636946951940785,0.7011825100441598,0.009079165364592245,0.9521858908135726,Balanced,Balanced,3,-0.05
Pred_Balanced_Balanced_Sex_3_neg01,0.7686328303612254,0.5811614083219021,0.7648036684327006,0.5825359024319838,0.6973718839842794,0.031510451486384095,0.9550661772883995,Balanced,Balanced,3,-0.1
Pred_Balanced_Balanced_Sex_3_pos005,0.7830361225422954,0.9476451760402378,0.7793872812017972,0.9484382402866547,0.7140829255887077,0.01917220068042369,0.9354732999919335,Balanced,Balanced,3,0.05
Pred_Balanced_Balanced_Sex_3_pos01,0.7777777777777778,0.9503886602652035,0.7734772148078599,0.9511830467100288,0.7100890945655005,0.02970539733475952,0.8514372055997526,Balanced,Balanced,3,0.1
Pred_Balanced_Balanced_Sex_4_0,0.7853223593964335,0.9449016918152721,0.7845493679163034,0.9457135147516087,0.7075524603554081,0.054058328372144665,0.7620166559554412,Balanced,Balanced,4,0.0
Pred_Balanced_Balanced_Sex_4_neg005,0.7814357567443987,0.42386831275720166,0.7804179800147542,0.42272717289331085,0.7037972590587255,0.008393873215373437,0.9657240788346186,Balanced,Balanced,4,-0.05
Pred_Balanced_Balanced_Sex_4_neg01,0.7704618198445359,0.8571101966163694,0.7677582824760244,0.8574981723253983,0.6959992731994916,0.02983910504969467,0.901880527807196,Balanced,Balanced,4,-0.1
Pred_Balanced_Balanced_Sex_4_pos005,0.7793781435756745,0.9414723365340649,0.7773126802360675,0.942277486500309,0.7044389791399872,0.037687005095749626,0.8598913030719209,Balanced,Balanced,4,0.05
Pred_Balanced_Balanced_Sex_4_pos01,0.7777777777777778,0.9320987654320988,0.7726923496076722,0.9333562380965827,0.7132154169801024,0.042537623865341545,0.8562753499000285,Balanced,Balanced,4,0.1
Pred_Balanced_Biased_Sex_0_0,0.7293095564700502,0.9256973022405122,0.7261933304272015,0.9268412448895708,0.6513137196336121,0.4808055147004204,0.08739584423842703,Balanced,Biased,0,0.0
Pred_Balanced_Biased_Sex_0_neg005,0.7283950617283951,0.927069044352995,0.7259269582858292,0.9279023943321693,0.6491335427999054,0.47040973986421236,0.1089320002156186,Balanced,Biased,0,-0.05
Pred_Balanced_Biased_Sex_0_neg01,0.748742569730224,0.96639231824417,0.7458860069747166,0.9670136895180901,0.671822532293856,0.46786557917725186,0.06178803347994005,Balanced,Biased,0,-0.1
Pred_Balanced_Biased_Sex_0_pos005,0.7652034750800183,0.9318701417466849,0.7620724632821407,0.9330622413409013,0.6911757243089656,0.43364383236023835,0.06731588753270801,Balanced,Biased,0,0.05
Pred_Balanced_Biased_Sex_0_pos01,0.7418838591678097,0.9414723365340649,0.7376429313929315,0.9424883358277562,0.6676324308277976,0.501634205404763,0.05308954360085601,Balanced,Biased,0,0.1
Pred_Balanced_Biased_Sex_1_0,0.7606310013717421,0.9524462734339277,0.7588569260948292,0.9530458628663586,0.6823781164740207,0.3966253658391645,0.11240018969809101,Balanced,Biased,1,0.0
Pred_Balanced_Biased_Sex_1_neg005,0.7432556012802927,0.928212162780064,0.7427404684461135,0.9285992639099372,0.6611673147845499,0.4167520143186368,0.09152897458974142,Balanced,Biased,1,-0.05
Pred_Balanced_Biased_Sex_1_neg01,0.7459990855052584,0.9435299497027893,0.7413868117497151,0.9443812733165784,0.6733334691867756,0.4403366463133812,0.09572775125474353,Balanced,Biased,1,-0.1
Pred_Balanced_Biased_Sex_1_pos005,0.7462277091906722,0.9236396890717878,0.7430399537254376,0.9249683882890769,0.6698358733852562,0.4614030396220529,0.07319669057181707,Balanced,Biased,1,0.05
Pred_Balanced_Biased_Sex_1_pos01,0.7482853223593965,0.9387288523090992,0.7452931141439205,0.9398138125135311,0.671643124837123,0.43257788474394976,0.0826414248391483,Balanced,Biased,1,0.1
Pred_Balanced_Biased_Sex_2_0,0.7469135802469136,0.9266117969821673,0.7444338491717524,0.9277561803640288,0.6689376524805252,0.4255210886779279,0.0681946388243125,Balanced,Biased,2,0.0
Pred_Balanced_Biased_Sex_2_neg005,0.7185642432556013,0.9483310470964792,0.7171377255046609,0.9491495430029085,0.6374480489171341,0.5228454487379477,0.061792217110076146,Balanced,Biased,2,-0.05
Pred_Balanced_Biased_Sex_2_neg01,0.7270233196159122,0.9597622313671696,0.7242828281134734,0.960425589327008,0.6481908026869698,0.5186745108526094,0.06112177714143157,Balanced,Biased,2,-0.1
Pred_Balanced_Biased_Sex_2_pos005,0.7443987197073617,0.933013260173754,0.7415653712024681,0.9340201624669371,0.666988991394831,0.4625766962309281,0.08199544065576951,Balanced,Biased,2,0.05
Pred_Balanced_Biased_Sex_2_pos01,0.7203932327389118,0.9391860996799268,0.7175583461873785,0.9401507949207902,0.6414587371014386,0.47539035224554677,0.08575139812062153,Balanced,Biased,2,0.1
Pred_Balanced_Biased_Sex_3_0,0.7537722908093278,0.9458161865569273,0.7511968932331835,0.9465983288935745,0.676717690230589,0.43840902675639937,0.08144660905834133,Balanced,Biased,3,0.0
Pred_Balanced_Biased_Sex_3_neg005,0.7306812985825332,0.9364426154549611,0.7284653527597076,0.9370244516191785,0.6510696799803248,0.48485017307720885,0.0872397802308584,Balanced,Biased,3,-0.05
Pred_Balanced_Biased_Sex_3_neg01,0.7295381801554641,0.9042066758116141,0.7271288813627523,0.9057519194505367,0.6502227510225238,0.46719704060257605,0.07725792630676949,Balanced,Biased,3,-0.1
Pred_Balanced_Biased_Sex_3_pos005,0.7562871513488797,0.9433013260173754,0.7564199668030313,0.9441475192258817,0.6736232824801484,0.4088878649705104,0.09996753159811482,Balanced,Biased,3,0.05
Pred_Balanced_Biased_Sex_3_pos01,0.7581161408321903,0.9449016918152721,0.7551138840453357,0.9458340000815786,0.6826940440463645,0.4139330867168813,0.07676268318941841,Balanced,Biased,3,0.1
Pred_Balanced_Biased_Sex_4_0,0.7485139460448103,0.9284407864654778,0.7457801706793643,0.9296262130896015,0.67127816028279,0.40864420377055755,0.09308183892381866,Balanced,Biased,4,0.0
Pred_Balanced_Biased_Sex_4_neg005,0.7311385459533608,0.9481024234110654,0.7276230635101604,0.9488856675797196,0.6540833914148567,0.4952088068814903,0.0795302182569686,Balanced,Biased,4,-0.05
Pred_Balanced_Biased_Sex_4_neg01,0.7350251486053955,0.9577046181984453,0.7322253705318221,0.9582414789574254,0.6567753665066665,0.46178187814770244,0.09921822727752933,Balanced,Biased,4,-0.1
Pred_Balanced_Biased_Sex_4_pos005,0.7489711934156379,0.9197530864197531,0.7450500050298438,0.9211652562980255,0.6748002710825107,0.4138588046530285,0.10998524231172045,Balanced,Biased,4,0.05
Pred_Balanced_Biased_Sex_4_pos01,0.741655235482396,0.9172382258802012,0.7382995355777614,0.9187646488511535,0.6651843918558243,0.449922746653593,0.08542031164139133,Balanced,Biased,4,0.1
Pred_Balanced_Random_Sex_0_0,0.7457704618198445,0.7585733882030178,0.7445101351351351,0.7612683591090361,0.6651648609126766,0.11179439921715861,0.6099309971587066,Balanced,Random,0,0.0
Pred_Balanced_Random_Sex_0_neg005,0.7315957933241883,0.758344764517604,0.7292474934612032,0.7605225423659678,0.6522679857945005,0.03131745600889288,0.8687926657173893,Balanced,Random,0,-0.05
Pred_Balanced_Random_Sex_0_neg01,0.7384545038866026,0.3859167809785094,0.7376026926430151,0.38572123334305997,0.6567716436113595,0.05563982606566714,0.796408818259718,Balanced,Random,0,-0.1
Pred_Balanced_Random_Sex_0_pos005,0.7375400091449474,0.8493369913123,0.7387042284219705,0.8519702802852741,0.6528173327372787,0.07796935696151713,0.7599140292469131,Balanced,Random,0,0.05
Pred_Balanced_Random_Sex_0_pos01,0.7267946959304984,0.8978052126200274,0.729828021259473,0.8992770880201814,0.6403551775391366,0.14240322260568472,0.6480516844811257,Balanced,Random,0,0.1
Pred_Balanced_Random_Sex_1_0,0.7363968907178784,0.7055326931870142,0.7325015927838509,0.7102603926441196,0.6606601005849844,0.018147108199254136,0.9091726688127717,Balanced,Random,1,0.0
Pred_Balanced_Random_Sex_1_neg005,0.7231367169638775,0.5187471422039324,0.7190750536516665,0.517476020595461,0.6466214933490113,0.07143959629230029,0.6950286931006726,Balanced,Random,1,-0.05
Pred_Balanced_Random_Sex_1_neg01,0.7453132144490169,0.43850022862368543,0.743244500704178,0.43537813254013824,0.6663074826232471,0.014804415325875397,0.9579044506659173,Balanced,Random,1,-0.1
Pred_Balanced_Random_Sex_1_pos005,0.7343392775491541,0.9003200731595793,0.7337018392461941,0.9015672505812475,0.6522000450271981,0.046335601413919764,0.8326274910465142,Balanced,Random,1,0.05
Pred_Balanced_Random_Sex_1_pos01,0.7345679012345679,0.9085505258344765,0.7353774059419221,0.9093197285314909,0.6503408910749251,0.036843573911066574,0.8771517520775975,Balanced,Random,1,0.1
Pred_Balanced_Random_Sex_2_0,0.7375400091449474,0.7347965249199817,0.7365738800214606,0.7388254562911227,0.6560198103710224,0.05123368225126196,0.8100646056014071,Balanced,Random,2,0.0
Pred_Balanced_Random_Sex_2_neg005,0.7318244170096022,0.5436671239140375,0.7327618871973711,0.5469613537028845,0.6474645052879748,0.047491311266878444,0.8470779777206514,Balanced,Random,2,-0.05
Pred_Balanced_Random_Sex_2_neg01,0.7441700960219478,0.3239597622313672,0.7442626249077862,0.3228658565283282,0.6610916396505999,0.0307897832207657,0.8873373841240164,Balanced,Random,2,-0.1
Pred_Balanced_Random_Sex_2_pos005,0.7402834933699132,0.8774577046181985,0.7377093672456575,0.8791155623746906,0.6619531410345911,0.06400123478473765,0.7357897743501856,Balanced,Random,2,0.05
Pred_Balanced_Random_Sex_2_pos01,0.748742569730224,0.8870598994055784,0.7505054992958218,0.888923193739783,0.6631749674267093,0.049205107325147546,0.8415595544130249,Balanced,Random,2,0.1
Pred_Balanced_Random_Sex_3_0,0.7434842249657064,0.9039780521262003,0.7448645295419488,0.9050061027074686,0.6584452299615943,0.0622106448480812,0.8025031077639788,Balanced,Random,3,0.0
Pred_Balanced_Random_Sex_3_neg005,0.7395976223136717,0.37059899405578417,0.7397464539601637,0.37180674655095053,0.6563332962086832,0.049301669924704,0.8290369784457188,Balanced,Random,3,-0.05
Pred_Balanced_Random_Sex_3_neg01,0.7501143118427069,0.4309556470050297,0.7459828314667024,0.4283068359736563,0.676688708002666,0.04516012283979201,0.765458716864306,Balanced,Random,3,-0.1
Pred_Balanced_Random_Sex_3_pos005,0.732053040695016,0.8808870598994056,0.7305804020521761,0.8819792853086338,0.6512064746415321,0.04933740568989417,0.8134118919043264,Balanced,Random,3,0.05
Pred_Balanced_Random_Sex_3_pos01,0.7423411065386374,0.9362139917695473,0.7402091995841995,0.9370216277442573,0.6632453797852176,0.0738224875285981,0.7090980998436012,Balanced,Random,3,0.1
Pred_Balanced_Random_Sex_4_0,0.7498856881572931,0.8440786465477823,0.74679640869157,0.8468148259708639,0.6736613867411287,0.043477291973080145,0.8108822434096588,Balanced,Random,4,0.0
Pred_Balanced_Random_Sex_4_neg005,0.7437128486511203,0.7652034750800183,0.7399920779961102,0.7675351650868654,0.6683516759728474,0.04827825843649183,0.7684697989024413,Balanced,Random,4,-0.05
Pred_Balanced_Random_Sex_4_neg01,0.741655235482396,0.3920896204846822,0.7423808346187378,0.389813655631591,0.6575495852598476,0.06444679134647041,0.7888618202108367,Balanced,Random,4,-0.1
Pred_Balanced_Random_Sex_4_pos005,0.742798353909465,0.8813443072702332,0.7398154047347597,0.883189786358174,0.6655781762870124,0.053171016925826986,0.7650049565670313,Balanced,Random,4,0.05
Pred_Balanced_Random_Sex_4_pos01,0.7448559670781894,0.9074074074074074,0.742898279793441,0.9087935465045134,0.6655839823267071,0.10001604307756409,0.6267613226873684,Balanced,Random,4,0.1
Pred_Biased_Balanced_Sex_0_0,0.8243243243243243,0.9385964912280702,0.8190025194725046,0.9362181770938006,0.7560118586666256,0.005901481392267857,0.9464714878741534,Biased,Balanced,0,0.0
Pred_Biased_Balanced_Sex_0_neg005,0.8366524419155998,0.4924134660976766,0.8353482331478486,0.4803576467340223,0.7610286793789173,0.05557027580392629,0.7095190128431126,Biased,Balanced,0,-0.05
Pred_Biased_Balanced_Sex_0_neg01,0.8219535324798483,0.5711237553342816,0.8174297989508414,0.5692570916622852,0.7504149525947558,0.011024285203055428,0.97468046848423,Biased,Balanced,0,-0.1
Pred_Biased_Balanced_Sex_0_pos005,0.8221906116642959,0.944049312470365,0.8187085244978858,0.941864643155119,0.7478419603810653,0.0007105865349873453,0.9947279063533196,Biased,Balanced,0,0.05
Pred_Biased_Balanced_Sex_0_pos01,0.8245614035087719,0.9563774300616406,0.8189058775258304,0.9543952032274414,0.7573948126636567,0.016728893171142956,0.8451505016722408,Biased,Balanced,0,0.1
Pred_Biased_Balanced_Sex_1_0,0.8036984352773826,0.939307728781413,0.8001146139578099,0.9362956557161292,0.7242837403743356,0.024987042955686878,0.8657744081695807,Biased,Balanced,1,0.0
Pred_Biased_Balanced_Sex_1_neg005,0.8243243243243243,0.7126600284495022,0.8204836844657397,0.7202527765428565,0.7516348433602373,0.023708306082406816,0.9693575655114116,Biased,Balanced,1,-0.05
Pred_Biased_Balanced_Sex_1_neg01,0.8129445234708392,0.344950213371266,0.8087944171473331,0.34556988064232147,0.7375112803805504,0.011309165361917395,0.9176893408134641,Biased,Balanced,1,-0.1
Pred_Biased_Balanced_Sex_1_pos005,0.8172119487908962,0.9480796586059744,0.8112514962547007,0.9461922809638746,0.7483084229688645,0.010249307479224368,0.9070351758793971,Biased,Balanced,1,0.05
Pred_Biased_Balanced_Sex_1_pos01,0.8252726410621147,0.9575628259838787,0.8209787625083502,0.9555709159461832,0.7541916719757635,0.01963609215543516,0.949087782978317,Biased,Balanced,1,0.1
Pred_Biased_Balanced_Sex_2_0,0.819108582266477,0.9627785680417259,0.8140754756648796,0.9611825335441835,0.7480833021497327,0.044231338771178574,0.9433411249577652,Biased,Balanced,2,0.0
Pred_Biased_Balanced_Sex_2_neg005,0.8314366998577525,0.5694642010431484,0.8322902784983537,0.564114067478805,0.7493451047318361,0.03680109085973071,0.8458772912123533,Biased,Balanced,2,-0.05
Pred_Biased_Balanced_Sex_2_neg01,0.8079658605974396,0.811284969179706,0.8011610597382868,0.8066932056323236,0.7383450950329067,0.032192085096931056,0.9550486775221848,Biased,Balanced,2,-0.1
Pred_Biased_Balanced_Sex_2_pos005,0.8240872451398767,0.9461830251303935,0.8193460222513843,0.9440729530587815,0.7539168895235796,0.03923882933879322,0.7345608603552224,Biased,Balanced,2,0.05
Pred_Biased_Balanced_Sex_2_pos01,0.8364153627311522,0.9566145092460882,0.8336463176027373,0.9543217846202565,0.7646921331223779,0.01628731320261112,0.9725938312894834,Biased,Balanced,2,0.1
Pred_Biased_Balanced_Sex_3_0,0.8150782361308677,0.954954954954955,0.8104637796156702,0.9528327740662473,0.7415398715331445,0.00546509619062896,0.9891544203953236,Biased,Balanced,3,0.0
Pred_Biased_Balanced_Sex_3_neg005,0.802275960170697,0.5109056424845898,0.7991427689782742,0.5164491513553345,0.7215006876007455,0.027526195351077948,0.8474451823916163,Biased,Balanced,3,-0.05
Pred_Biased_Balanced_Sex_3_neg01,0.812470365101944,0.7076813655761024,0.8070128143830345,0.7041470348017731,0.7404317023051799,0.020755950985352434,0.9718653820420179,Biased,Balanced,3,-0.1
Pred_Biased_Balanced_Sex_3_pos005,0.8160265528686581,0.9608819345661451,0.810711996826075,0.9593338733153475,0.7447721298273801,0.026275034860619217,0.8639808536098923,Biased,Balanced,3,0.05
Pred_Biased_Balanced_Sex_3_pos01,0.8326220957799905,0.9608819345661451,0.8274341054516231,0.9591173391743419,0.7669877336937277,0.026960134891003254,0.7824269815813772,Biased,Balanced,3,0.1
Pred_Biased_Balanced_Sex_4_0,0.8311996206733049,0.958511142721669,0.8302004387883474,0.9566847134339813,0.753229488076752,0.05211971576538599,0.7365377005266203,Biased,Balanced,4,0.0
Pred_Biased_Balanced_Sex_4_neg005,0.8338074917022286,0.45139876718824085,0.8327697581916766,0.4540017200930826,0.756673152886185,0.0034521268062737143,0.9906753540634388,Biased,Balanced,4,-0.05
Pred_Biased_Balanced_Sex_4_neg01,0.8243243243243243,0.8944997629208156,0.8206600136316009,0.8924383571284055,0.7511459264260623,0.04230937719806993,0.943725921849202,Biased,Balanced,4,-0.1
Pred_Biased_Balanced_Sex_4_pos005,0.8231389284020862,0.9594594594594594,0.8204379067015256,0.9579338447599076,0.747047331648213,0.03327712874864505,0.8037502663541446,Biased,Balanced,4,0.05
Pred_Biased_Balanced_Sex_4_pos01,0.8259838786154575,0.9490279753437648,0.8192782033414376,0.9463046080495214,0.7629168756369652,0.029932314868516774,0.806150715133699,Biased,Balanced,4,0.1
Pred_Biased_Biased_Sex_0_0,0.8186344238975818,0.9445234708392604,0.8145508862236057,0.9424215418990178,0.7447838190044862,0.4698378518454533,0.11368203791211777,Biased,Biased,0,0.0
Pred_Biased_Biased_Sex_0_neg005,0.8259838786154575,0.9532954006638217,0.8229811158245254,0.9517768317942493,0.7515403186590524,0.4540811604575688,0.12193667245424061,Biased,Biased,0,-0.05
Pred_Biased_Biased_Sex_0_neg01,0.8148411569464201,0.9668089141773353,0.810525155729172,0.9652665704443077,0.7404239858569616,0.47574410454483756,0.09884277836746318,Biased,Biased,0,-0.1
Pred_Biased_Biased_Sex_0_pos005,0.8202939781887151,0.9426268373636795,0.8152850259237783,0.9401668801557964,0.7496041264772348,0.4608203660056517,0.133282389276276,Biased,Biased,0,0.05
Pred_Biased_Biased_Sex_0_pos01,0.8250355618776671,0.954954954954955,0.820264290292062,0.952859840833873,0.7552872915039405,0.49839733701889255,0.10084880086509547,Biased,Biased,0,0.1
Pred_Biased_Biased_Sex_1_0,0.8314366998577525,0.9606448553816975,0.8291868851791946,0.9594614254577837,0.7566880669366607,0.396684539161124,0.14047699479764883,Biased,Biased,1,0.0
Pred_Biased_Biased_Sex_1_neg005,0.8238501659554291,0.9521100047415837,0.8224049941845286,0.9512236547308989,0.744907914541752,0.4891003251836685,0.10719781910917646,Biased,Biased,1,-0.05
Pred_Biased_Biased_Sex_1_neg01,0.8148411569464201,0.9606448553816975,0.808656066571042,0.9590283571757723,0.7457780147472703,0.45915600281352964,0.14376021024220473,Biased,Biased,1,-0.1
Pred_Biased_Biased_Sex_1_pos005,0.8200568990042674,0.9449976292081556,0.815734326202175,0.9423829717551514,0.7473196800576308,0.45818422449004775,0.11954193677356713,Biased,Biased,1,0.05
Pred_Biased_Biased_Sex_1_pos01,0.8202939781887151,0.9542437174016122,0.8161666717530849,0.9521056930209016,0.7470924754695291,0.45608333230499654,0.12222285035898016,Biased,Biased,1,0.1
Pred_Biased_Biased_Sex_2_0,0.8181602655286866,0.9504504504504504,0.8143915117852311,0.9483813057956039,0.7433225222908768,0.42988233769759493,0.1117963727591073,Biased,Biased,2,0.0
Pred_Biased_Biased_Sex_2_neg005,0.8243243243243243,0.9608819345661451,0.8222469761243528,0.9592526730124703,0.7470235801790495,0.5405455859327953,0.06872296056522145,Biased,Biased,2,-0.05
Pred_Biased_Biased_Sex_2_neg01,0.8157894736842105,0.9632527264106211,0.8123250695991564,0.9617664990557081,0.7394566005380215,0.50479873391167,0.08248181055390168,Biased,Biased,2,-0.1
Pred_Biased_Biased_Sex_2_pos005,0.823376007586534,0.9473684210526315,0.8191774922601669,0.9452486657775234,0.7513824858045168,0.47978701087157716,0.10866600109678416,Biased,Biased,2,0.05
Pred_Biased_Biased_Sex_2_pos01,0.8217164532954007,0.9509246088193457,0.8179848967287547,0.9490194048423801,0.7478889004578397,0.47728969483075634,0.10338159201379815,Biased,Biased,2,0.1
Pred_Biased_Biased_Sex_3_0,0.8257467994310099,0.9570886676149835,0.8225840361067877,0.9555824193224242,0.751656773158744,0.4598485876821699,0.11705920555607098,Biased,Biased,3,0.0
Pred_Biased_Biased_Sex_3_neg005,0.823376007586534,0.9521100047415837,0.8207644547529188,0.9510883208927703,0.747128105784111,0.4821053963004554,0.10794856596789607,Biased,Biased,3,-0.05
Pred_Biased_Biased_Sex_3_neg01,0.8224276908487435,0.9343290659080132,0.8191761358819679,0.9312331551663354,0.7475423823046914,0.459987413156953,0.10425585494837572,Biased,Biased,3,-0.1
Pred_Biased_Biased_Sex_3_pos005,0.8214793741109531,0.9556661925082978,0.8206912103301763,0.9539658566259785,0.7404394235140538,0.4594363483078406,0.1408913812129811,Biased,Biased,3,0.05
Pred_Biased_Biased_Sex_3_pos01,0.8200568990042674,0.9625414888572783,0.8158401237016917,0.9609040841722339,0.7470257996890324,0.44207121438355323,0.1355572582071079,Biased,Biased,3,0.1
Pred_Biased_Biased_Sex_4_0,0.8264580369843528,0.94950213371266,0.8229288952638664,0.9473487086106831,0.7535960062923213,0.4479373619457778,0.1423351211174633,Biased,Biased,4,0.0
Pred_Biased_Biased_Sex_4_neg005,0.8236130867709816,0.9637268847795164,0.8194687744783878,0.9621609971938528,0.7515443015343906,0.46000746572553275,0.10629323904842773,Biased,Biased,4,-0.05
Pred_Biased_Biased_Sex_4_neg01,0.823376007586534,0.96633475580844,0.8194243530923727,0.9652239402852972,0.7506868532129862,0.46026506410651924,0.11583983883152858,Biased,Biased,4,-0.1
Pred_Biased_Biased_Sex_4_pos005,0.819108582266477,0.9350403034613561,0.8135112223341234,0.9320143697469325,0.749768891423216,0.40621876426817377,0.13519356800216203,Biased,Biased,4,0.05
Pred_Biased_Biased_Sex_4_pos01,0.8176861071597914,0.9362256993835941,0.8127509723536214,0.9331359489304228,0.74589662460061,0.4618708120981774,0.11132818195072168,Biased,Biased,4,0.1
Pred_Biased_Random_Sex_0_0,0.7655286865813181,0.7778568041725936,0.7616819767855871,0.7708963904435363,0.6784575829942959,0.1044682644827171,0.6124564382092753,Biased,Random,0,0.0
Pred_Biased_Random_Sex_0_neg005,0.7332859174964438,0.774063537221432,0.7288386350766184,0.7680110730146357,0.6429314463833714,0.032524388775141494,0.862741111591146,Biased,Random,0,-0.05
Pred_Biased_Random_Sex_0_neg01,0.7501185395922239,0.4267425320056899,0.7473684567467946,0.4262880567211182,0.6595376291158974,0.0460797302179935,0.8172700353424396,Biased,Random,0,-0.1
Pred_Biased_Random_Sex_0_pos005,0.7522522522522522,0.85941204362257,0.7529170608640807,0.8530142567431777,0.6584595604752379,0.10149945802721907,0.6987758019837369,Biased,Random,0,0.05
Pred_Biased_Random_Sex_0_pos01,0.7577050734945472,0.913466097676624,0.7614503752081193,0.9100046893174911,0.6617359418933569,0.14451403107310612,0.6425997080987698,Biased,Random,0,0.1
Pred_Biased_Random_Sex_1_0,0.7498814604077761,0.7299668089141773,0.7422104895508015,0.7180058964953273,0.666259837676282,0.043978080211971554,0.767472219568886,Biased,Random,1,0.0
Pred_Biased_Random_Sex_1_neg005,0.7422949265054528,0.5357989568515884,0.7347585477258625,0.5383783081510893,0.6570532813177649,0.08417439479706129,0.634714890503319,Biased,Random,1,-0.05
Pred_Biased_Random_Sex_1_neg01,0.7453769559032717,0.4914651493598862,0.7408727615521036,0.5001664606208981,0.6563415138133788,0.037679152113693826,0.8349294288352461,Biased,Random,1,-0.1
Pred_Biased_Random_Sex_1_pos005,0.7439544807965861,0.9129919393077288,0.7421226640624206,0.910395127440492,0.6518726000067441,0.06374403050458433,0.7882496940024479,Biased,Random,1,0.05
Pred_Biased_Random_Sex_1_pos01,0.7394499762920815,0.9127548601232812,0.739233239404143,0.9109557478649395,0.6457376649801572,0.05290858725761771,0.8236380424746076,Biased,Random,1,0.1
Pred_Biased_Random_Sex_2_0,0.7460881934566145,0.7678994784257942,0.7430161782009678,0.7574421769259866,0.6554584488147605,0.05971937853787784,0.7729676518394727,Biased,Random,2,0.0
Pred_Biased_Random_Sex_2_neg005,0.747036510194405,0.5725462304409673,0.7468615103949434,0.5634302932616606,0.6536618957233287,0.061772853185595555,0.7940904893813482,Biased,Random,2,-0.05
Pred_Biased_Random_Sex_2_neg01,0.7475106685633002,0.3060692271218587,0.7456455173395998,0.3083490151418265,0.6557407493970335,0.06436830061423582,0.7704696257166784,Biased,Random,2,-0.1
Pred_Biased_Random_Sex_2_pos005,0.7588904694167852,0.8883357041251778,0.7540550621729857,0.884143069520316,0.6722399719236443,0.10348669155726845,0.6065795196996406,Biased,Random,2,0.05
Pred_Biased_Random_Sex_2_pos01,0.752963489805595,0.8956851588430536,0.7538261733519157,0.8909073930845762,0.6590421231324565,0.09655546188124775,0.7115875813936755,Biased,Random,2,0.1
Pred_Biased_Random_Sex_3_0,0.7579421526789948,0.9215267899478425,0.7586735299403534,0.9192283670551424,0.6644594740089438,0.10486571118872698,0.6867647587869194,Biased,Random,3,0.0
Pred_Biased_Random_Sex_3_neg005,0.7562825983878615,0.40279753437648175,0.7548007310878493,0.39873307227435956,0.6649101954377332,0.05298687221486212,0.8018377136679954,Biased,Random,3,-0.05
Pred_Biased_Random_Sex_3_neg01,0.75841631104789,0.5082977714556662,0.7502633069178679,0.5144959457365443,0.677555046792471,0.06741210804940956,0.727248158908182,Biased,Random,3,-0.1
Pred_Biased_Random_Sex_3_pos005,0.7458511142721669,0.8854907539118065,0.7421253768188185,0.8833188864461131,0.6559356855197962,0.08605925569071421,0.6882893100966258,Biased,Random,3,0.05
Pred_Biased_Random_Sex_3_pos01,0.7614983404457089,0.9378852536747273,0.7574707615724493,0.9360594981685949,0.6740527996092538,0.08315669035288448,0.6730591661339584,Biased,Random,3,0.1
Pred_Biased_Random_Sex_4_0,0.7624466571834992,0.8653390232337601,0.7575426496169927,0.8590552209426409,0.6765091904759394,0.08174756112248585,0.6612263232761848,Biased,Random,4,0.0
Pred_Biased_Random_Sex_4_neg005,0.7560455192034139,0.7821242294926506,0.7491490422274443,0.7760979465120073,0.6722755797458684,0.06136938455979765,0.7028429800262429,Biased,Random,4,-0.05
Pred_Biased_Random_Sex_4_neg01,0.7524893314366998,0.414651493598862,0.7518682414217557,0.42036956964516137,0.659889822950701,0.0783511983620378,0.7407082644134001,Biased,Random,4,-0.1
Pred_Biased_Random_Sex_4_pos005,0.7588904694167852,0.8854907539118065,0.753420277175885,0.8805310093806651,0.6732388999733071,0.06981211610261351,0.6941564437409313,Biased,Random,4,0.05
Pred_Biased_Random_Sex_4_pos01,0.7622095779990516,0.9172593646277857,0.7579214182290448,0.9141350780571746,0.6752680910550903,0.13178971456100205,0.5441859496386395,Biased,Random,4,0.1
Pred_Random_Balanced_Sex_0_0,0.8357161424486613,0.9259162984143489,0.7947938652033206,0.9339137239007199,0.2618841770097629,0.044124991082257314,0.9339659927837725,Random,Balanced,0,0.0
Pred_Random_Balanced_Sex_0_neg005,0.807382375877307,0.34000519885625163,0.806667825424809,0.40502958246781384,0.2527224648745587,0.02752423926861547,0.8647694065980934,Random,Balanced,0,-0.05
Pred_Random_Balanced_Sex_0_neg01,0.8273979724460618,0.46555757733298675,0.7954510466069079,0.48930963921210996,0.25661780495247566,0.030112880916719598,0.8305745705411448,Random,Balanced,0,-0.1
Pred_Random_Balanced_Sex_0_pos005,0.832076943072524,0.9266961268520926,0.798021006629752,0.9340242007667234,0.26175278302844374,0.028637823126668127,0.833502878321899,Random,Balanced,0,0.05
Pred_Random_Balanced_Sex_0_pos01,0.8476735118273979,0.9376137249805043,0.8026680406227498,0.9453937479945284,0.2774883806189828,0.024184918313476467,0.8979573207606592,Random,Balanced,0,0.1
Pred_Random_Balanced_Sex_1_0,0.8198596308812062,0.9292955549779048,0.7860845562370157,0.9387821649525161,0.24497053225377743,0.054326888777912474,0.9302272310793477,Random,Balanced,1,0.0
Pred_Random_Balanced_Sex_1_neg005,0.8372757993241486,0.7083441642838576,0.7956505185442686,0.6944356250598123,0.26368802010034864,0.056431476064778496,0.7784939794160164,Random,Balanced,1,-0.05
Pred_Random_Balanced_Sex_1_neg01,0.8263582011957369,0.31842994541200936,0.7935734445741149,0.31979196572824664,0.2545293371542295,0.042233786826004566,0.7698038650343032,Random,Balanced,1,-0.1
Pred_Random_Balanced_Sex_1_pos005,0.8575513387054848,0.9321549259162984,0.8041740123656047,0.9394391152843689,0.28774024004614707,0.02169860873227429,0.8444685339840751,Random,Balanced,1,0.05
Pred_Random_Balanced_Sex_1_pos01,0.8354561996360801,0.9412529243566415,0.7946510896464959,0.9485359352394463,0.2615861605390614,0.008640447712253196,0.9456923211358981,Random,Balanced,1,0.1
Pred_Random_Balanced_Sex_2_0,0.8448141408890044,0.9438523524824538,0.805017008914161,0.9508111957396743,0.2769413641031329,0.013538995950203386,0.9108895643906425,Random,Balanced,2,0.0
Pred_Random_Balanced_Sex_2_neg005,0.7774889524304653,0.4465817520145568,0.8098461334723843,0.485793800910836,0.24035174016436106,0.027752015409859387,0.8936376566127258,Random,Balanced,2,-0.05
Pred_Random_Balanced_Sex_2_neg01,0.85443202495451,0.8825058487132831,0.7724112101573428,0.8827153665580193,0.25914024504244293,0.05036741100092745,0.8121149014859984,Random,Balanced,2,-0.1
Pred_Random_Balanced_Sex_2_pos005,0.8289576293215493,0.9282557837275799,0.8002271993643384,0.9362960836302838,0.2612662968373293,0.04649212607369796,0.7465936982493494,Random,Balanced,2,0.05
Pred_Random_Balanced_Sex_2_pos01,0.8234988302573434,0.930595269040811,0.8207459091699154,0.9404055415758927,0.2730627533463893,0.06249554112862954,0.8728936951702237,Random,Balanced,2,0.1
Pred_Random_Balanced_Sex_3_0,0.8318170002599428,0.9420327527943853,0.7939587316564448,0.9489702430209581,0.25848193231655087,0.024184918313476467,0.8710716418330562,Random,Balanced,3,0.0
Pred_Random_Balanced_Sex_3_neg005,0.8177800883805563,0.49077203015336623,0.7967008500318659,0.47298411384887334,0.2514925261944396,0.031179669837984397,0.8360325402741172,Random,Balanced,3,-0.05
Pred_Random_Balanced_Sex_3_neg01,0.833116714322849,0.5310631661034573,0.7816076113856263,0.5769567775094433,0.2500220994384324,0.03898837126346577,0.814465852635654,Random,Balanced,3,-0.1
Pred_Random_Balanced_Sex_3_pos005,0.8414348843254484,0.9376137249805043,0.8005479270644518,0.9450699170790198,0.27067906803705655,0.010482065840476062,0.9318665720369056,Random,Balanced,3,0.05
Pred_Random_Balanced_Sex_3_pos01,0.8445541980764232,0.9402131531063166,0.8048742333573361,0.9475610648562535,0.27661219485429894,0.025897124919740278,0.8566402661244324,Random,Balanced,3,0.1
Pred_Random_Balanced_Sex_4_0,0.7897062646217832,0.9376137249805043,0.794346087949743,0.9452858043560253,0.23525888871377432,0.0713776128986231,0.7624705914795479,Random,Balanced,4,0.0
Pred_Random_Balanced_Sex_4_neg005,0.8034832336885885,0.4346243826358201,0.8019131924614507,0.43264668794577765,0.2472195431646782,0.03938075194406798,0.8233832922807164,Random,Balanced,4,-0.05
Pred_Random_Balanced_Sex_4_neg01,0.8276579152586431,0.8900441902781389,0.7955938221637325,0.9013061602463424,0.2568973080580657,0.06024826995790822,0.924110352264558,Random,Balanced,4,-0.1
Pred_Random_Balanced_Sex_4_pos005,0.8234988302573434,0.9404730959188978,0.802454911892997,0.9475619092654203,0.25930928305884315,0.0709138902760933,0.801611489166284,Random,Balanced,4,0.05
Pred_Random_Balanced_Sex_4_pos01,0.8601507668312971,0.9266961268520926,0.7964562692953923,0.9373704535603106,0.2839553291166291,0.040888941033971435,0.7128169342815363,Random,Balanced,4,0.1
Pred_Random_Biased_Sex_0_0,0.730179360540681,0.9017416168442942,0.7159229922445973,0.9158086062182291,0.17031126496604915,0.498537490190483,0.07871046413657411,Random,Biased,0,0.0
Pred_Random_Biased_Sex_0_neg005,0.7226410189758253,0.9025214452820379,0.7000240028472343,0.915703195807227,0.16091788369258864,0.4934008703716915,0.11040511767978056,Random,Biased,0,-0.05
Pred_Random_Biased_Sex_0_neg01,0.7343384455419808,0.9498310371718222,0.733885398819722,0.956983404545173,0.18074764943653787,0.4438538917029322,0.08440060649074134,Random,Biased,0,-0.1
Pred_Random_Biased_Sex_0_pos005,0.7608526124252665,0.9022615024694567,0.7419160065883678,0.9163500132290769,0.19166866735643548,0.49432831561675106,0.09608348475013244,Random,Biased,0,0.05
Pred_Random_Biased_Sex_0_pos01,0.7556537561736418,0.9097998440343125,0.7364474958408859,0.9230670066820912,0.18710388366373326,0.5095954911892702,0.07223513253771179,Random,Biased,0,0.1
Pred_Random_Biased_Sex_1_0,0.739017416168443,0.9357941252924357,0.7442943576755312,0.9427971898062927,0.18755277190698194,0.36113291003781123,0.14961373697351557,Random,Biased,1,0.0
Pred_Random_Biased_Sex_1_neg005,0.693267481154146,0.9196776709123993,0.7139398604524122,0.9289280507095852,0.1635273890948129,0.4281580732964693,0.11449125750048389,Random,Biased,1,-0.05
Pred_Random_Biased_Sex_1_neg01,0.7780088380556278,0.9225370418507928,0.7291286966453953,0.9330391974735279,0.18892242524537406,0.45180851822786616,0.1192697621650184,Random,Biased,1,-0.1
Pred_Random_Biased_Sex_1_pos005,0.7517546139849233,0.9020015596568755,0.7238538640445624,0.9159173942658989,0.1789975892761889,0.4722123136191767,0.09109772595446225,Random,Biased,1,0.05
Pred_Random_Biased_Sex_1_pos01,0.7358981024174681,0.9147387574733559,0.7099185558562808,0.9267531341653578,0.16819785191404169,0.5396661197117786,0.0998475099428204,Random,Biased,1,0.1
Pred_Random_Biased_Sex_2_0,0.7260202755393813,0.9056407590330128,0.7253970815848501,0.9186278069568056,0.1745369330263627,0.40522223014910463,0.10622217111862686,Random,Biased,2,0.0
Pred_Random_Biased_Sex_2_neg005,0.6748115414608786,0.9300753834156485,0.6815922992244596,0.9405117963960617,0.14661670818669603,0.5337447385317828,0.06931197107601961,Random,Biased,2,-0.05
Pred_Random_Biased_Sex_2_neg01,0.704445022095139,0.9412529243566415,0.7122402105629082,0.9485359352394463,0.16426694681265167,0.4620817578654491,0.07810256325614406,Random,Biased,2,-0.1
Pred_Random_Biased_Sex_2_pos005,0.7470756433584611,0.9072004159085001,0.7186709044107301,0.9201440843508465,0.17509529489810002,0.48747948919169576,0.11085452792813788,Random,Biased,2,0.05
Pred_Random_Biased_Sex_2_pos01,0.7249805042890564,0.9183779568494931,0.7130674811081039,0.9294635468562648,0.16791331998767925,0.4739245202254405,0.10503186585514476,Random,Biased,2,0.1
Pred_Random_Biased_Sex_3_0,0.7351182739797245,0.9295554977904861,0.7277812264627253,0.9386750657231802,0.17758407997261536,0.5189412855817935,0.10524098853479663,Random,Biased,3,0.0
Pred_Random_Biased_Sex_3_neg005,0.7171822199116195,0.9246165843514427,0.7061712147923754,0.933585670939377,0.16315436069055492,0.47688521081543844,0.10877070510806795,Random,Biased,3,-0.05
Pred_Random_Biased_Sex_3_neg01,0.7182219911619444,0.8718481933974526,0.7185008152691216,0.8913162368624008,0.16956462591197136,0.5189412855817935,0.08935041649546151,Random,Biased,3,-0.1
Pred_Random_Biased_Sex_3_pos005,0.690927995840915,0.9240966987262802,0.7322523775234028,0.9343395875905629,0.17217226284105408,0.40518718483355753,0.15783835366769025,Random,Biased,3,0.05
Pred_Random_Biased_Sex_3_pos01,0.750194957109436,0.923836755913699,0.7295297097310853,0.9341228559043904,0.18182861492242403,0.4709638296354427,0.11958345050461766,Random,Biased,3,0.1
Pred_Random_Biased_Sex_4_0,0.7473355861710423,0.9017416168442942,0.7344916776334848,0.9162403807722402,0.18396108128709007,0.43279589070414504,0.11722422090156727,Random,Biased,4,0.0
Pred_Random_Biased_Sex_4_neg005,0.7439563296074864,0.930595269040811,0.7247965965617991,0.9405134852143954,0.17779788606391064,0.42937147749161736,0.09306437959075478,Random,Biased,4,-0.05
Pred_Random_Biased_Sex_4_neg01,0.7364179880426306,0.9399532102937354,0.7219626052193777,0.9478840513625949,0.1747016315924895,0.5078832845830064,0.10835051976787877,Random,Biased,4,-0.1
Pred_Random_Biased_Sex_4_pos005,0.7673511827397973,0.8908240187158825,0.7324203974540427,0.9065979317604805,0.18783874181010685,0.41067988870657063,0.13131055683863405,Random,Biased,4,0.05
Pred_Random_Biased_Sex_4_pos01,0.7504548999220172,0.8926436184039511,0.721833486454945,0.9089786026717106,0.17757675824194472,0.4921523863879575,0.09853427501196935,Random,Biased,4,0.1
Pred_Random_Random_Sex_0_0,0.7465557577332986,0.7208214192877567,0.7105463544641156,0.7498512432517634,0.17056620632145944,0.09976680523167392,0.6508161816891412,Random,Random,0,0.0
Pred_Random_Random_Sex_0_neg005,0.7668312971146348,0.7361580452300494,0.6981658513975452,0.7620986945434278,0.1680482790816194,0.030748376970821112,0.9499233925378544,Random,Random,0,-0.05
Pred_Random_Random_Sex_0_neg01,0.7452560436703926,0.37665713543020535,0.7163649757074632,0.3913318584319885,0.17345566754512642,0.03977313262467008,0.8771491184251671,Random,Random,0,-0.1
Pred_Random_Random_Sex_0_pos005,0.6976865089680271,0.825318429945412,0.7163670449184317,0.8496067867979442,0.16532125438951362,0.08400513661981879,0.8245327655547671,Random,Random,0,0.05
Pred_Random_Random_Sex_0_pos01,0.6636340005198856,0.8780868208994022,0.7172609440568121,0.8919841645134233,0.16140595125661253,0.12760267165179684,0.6805354165463986,Random,Random,0,0.1
Pred_Random_Random_Sex_1_0,0.8021835196256824,0.6571354302053548,0.7188898269311945,0.7023650493416423,0.19049338692115847,0.03542127416708285,0.8504205110007097,Random,Random,1,0.0
Pred_Random_Random_Sex_1_neg005,0.7988042630621264,0.5170262542240707,0.710501245665003,0.5125767708667578,0.1840179624250781,0.0858956980809017,0.7409777480900095,Random,Random,1,-0.05
Pred_Random_Random_Sex_1_neg01,0.7709903821159345,0.4572394073303873,0.7226607570001407,0.4398444316844837,0.1830737873366107,0.025183705500463782,0.9629318492071826,Random,Random,1,-0.1
Pred_Random_Random_Sex_1_pos005,0.7400571874187679,0.8931635040291136,0.7265744626259115,0.9037989968419098,0.17794668933356148,0.12342155953485057,0.7501774308019873,Random,Random,1,0.05
Pred_Random_Random_Sex_1_pos01,0.7151026774109696,0.9134390434104497,0.7259330072256847,0.9196246319783381,0.17286214961888124,0.059392166654776424,0.8313917727125181,Random,Random,1,0.1
Pred_Random_Random_Sex_2_0,0.7416168442942552,0.7005458799064206,0.7013011198569761,0.7378036354629331,0.1647137293521342,0.04233042854328381,0.8412229624711595,Random,Random,2,0.0
Pred_Random_Random_Sex_2_neg005,0.7169222770990382,0.5136469976605147,0.7308519355399399,0.5459203778449553,0.17574131869042642,0.045298855185608056,0.851160904390145,Random,Random,2,-0.05
Pred_Random_Random_Sex_2_neg01,0.7431765011697427,0.34078502729399535,0.7309007689187959,0.32709680869628854,0.18100445821820288,0.039287401277094874,0.8544627772160007,Random,Random,2,-0.1
Pred_Random_Random_Sex_2_pos005,0.7673511827397973,0.8630101377696907,0.7154358999826186,0.8782263466918864,0.1779322679445305,0.0639052680586917,0.7412887310505962,Random,Random,2,0.05
Pred_Random_Random_Sex_2_pos01,0.7083441642838576,0.8819859630881206,0.7183013433317608,0.8972860689375644,0.16786676995209307,0.06888655517038272,0.7857658841432228,Random,Random,2,0.1
Pred_Random_Random_Sex_3_0,0.7028853652196517,0.8999220171562257,0.7126900570274544,0.908354584297367,0.16426268760342588,0.0852536206035528,0.8380602311367223,Random,Random,3,0.0
Pred_Random_Random_Sex_3_neg005,0.7361580452300494,0.34884325448401354,0.7388043271339773,0.3729990317441553,0.18384507976969167,0.05175857886851687,0.8499098085193293,Random,Random,3,-0.05
Pred_Random_Random_Sex_3_neg01,0.8136210033792566,0.4377436963867949,0.7225589518204918,0.4355712990953563,0.19735925982240174,0.04579630570928747,0.7523212717066184,Random,Random,3,-0.1
Pred_Random_Random_Sex_3_pos005,0.7504548999220172,0.875747335586171,0.6996229897615442,0.8838807919432106,0.1654690175181173,0.06813155454091457,0.7862550272060562,Random,Random,3,0.05
Pred_Random_Random_Sex_3_pos01,0.7707304393033533,0.927216012477255,0.7238244812488102,0.9333782277540406,0.18368814093263242,0.08620814184426986,0.66020029966091,Random,Random,3,0.1
Pred_Random_Random_Sex_4_0,0.7811281518066026,0.8307772290096179,0.7177770052723496,0.8535104903765502,0.18299767547149876,0.05210921395696291,0.7694194824272234,Random,Random,4,0.0
Pred_Random_Random_Sex_4_neg005,0.7949051208734078,0.7600727839875228,0.7096661121181272,0.7831174460563277,0.1822334222823916,0.053649140329599776,0.7651277254770872,Random,Random,4,-0.05
Pred_Random_Random_Sex_4_neg01,0.7265401611645438,0.3782167923056928,0.7204566334765227,0.3702879153789427,0.17203016467754692,0.06582521684197248,0.7795645138396026,Random,Random,4,-0.1
Pred_Random_Random_Sex_4_pos005,0.7881466077462959,0.8588510527683909,0.7373099429725457,0.8767016252061766,0.1972326337803107,0.07463012502047281,0.6766027915779512,Random,Random,4,0.05
Pred_Random_Random_Sex_4_pos01,0.7340450771055753,0.8733096085409253,0.7328976214051394,0.9094437560175443,0.6473682615112937,0.10762415519297708,0.6368783583973457,Random,Random,4,0.1
